{"count":1,"gauges":{"My Behavior.CumulativeReward":{"count":3,"max":-424.479858,"min":-460.50647,"value":-460.50647,"weightedAverage":-439.804718}},"self":4.6558991999999995,"total":4.9498902,"children":{"AgentSendState":{"count":15101,"self":0.0661641,"total":0.0861839,"children":{"CollectObservations":{"count":1511,"self":0.016014399999999998,"total":0.016014399999999998,"children":null},"CollectDiscreteActionMasks":{"count":1511,"self":0.0040054,"total":0.0040054,"children":null}}},"DecideAction":{"count":15101,"self":0.0229282,"total":0.0229282,"children":null},"AgentAct":{"count":15101,"self":0.18387789999999998,"total":0.18387789999999998,"children":null}}}