{"count":1,"gauges":{"My Behavior.CumulativeReward":{"count":3,"max":-405.2886,"min":-713.4884,"value":-405.2886,"weightedAverage":-599.6967}},"self":64.2853568,"total":64.318471199999991,"children":{"AgentSendState":{"count":3203,"self":0.0171001,"total":0.0171001,"children":{"CollectObservations":{"count":321,"self":0,"total":0,"children":null}}},"DecideAction":{"count":3203,"self":0.0040053,"total":0.0040053,"children":null},"AgentAct":{"count":3203,"self":0.012011899999999999,"total":0.012011899999999999,"children":null}}}