{"cameraMode":{"drawMode":0,"name":"Shaded","section":"Shading Mode"},"sceneLighting":true,"audioPlay":false,"sceneViewState":{"showFog":false,"showMaterialUpdate":false,"showSkybox":false,"showFlares":false,"showImageEffects":false,"showParticleSystems":false},"in2DMode":false,"pivot":{"x":-49.983516693115237,"y":23.06999969482422,"z":-50.790000915527347},"rotation":{"x":-0.24438920617103578,"y":-0.011938332580029965,"z":0.0030456779059022667,"w":-0.9696420431137085},"size":49.99472427368164,"orthographic":false}