{"cameraMode":{"drawMode":0,"name":"Shaded","section":"Shading Mode"},"sceneLighting":true,"audioPlay":false,"sceneViewState":{"showFog":false,"showMaterialUpdate":false,"showSkybox":true,"showFlares":false,"showImageEffects":false,"showParticleSystems":false},"in2DMode":false,"pivot":{"x":16.2055606842041,"y":-29.925323486328126,"z":92.14900207519531},"rotation":{"x":0.1697990745306015,"y":-0.030983656644821168,"z":0.005341155454516411,"w":0.9849872589111328},"size":118.57421875,"orthographic":false}