{"cameraMode":{"drawMode":0,"name":"Shaded","section":"Shading Mode"},"sceneLighting":true,"audioPlay":false,"sceneViewState":{"showFog":false,"showMaterialUpdate":false,"showSkybox":true,"showFlares":false,"showImageEffects":false,"showParticleSystems":false},"in2DMode":false,"pivot":{"x":-21.894500732421876,"y":65.52140808105469,"z":-45.55299377441406},"rotation":{"x":-0.2606935501098633,"y":0.0040601403452456,"z":-0.0007460848428308964,"w":-0.9655807614326477},"size":79.84644317626953,"orthographic":false}